work_year,experience_level,employment_type,job_title,salary,employee_residence,remote_ratio,company_location,company_size
2022,SE,FT,Security Engineer,145000,US,100,US,M
2022,SE,FT,Security Engineer,120000,US,100,US,M
2022,MI,FT,Security Consultant,112000,US,100,US,M
2022,MI,FT,Security Consultant,64000,US,100,US,M
2022,SE,FT,Security Analyst,105800,US,100,US,M
2022,SE,FT,Security Analyst,81600,US,100,US,M
2022,SE,FT,Security Engineer,210000,US,0,US,M
2022,SE,FT,Security Engineer,140000,US,0,US,M
2022,SE,FT,Penetration Tester,160000,US,100,US,M
2022,SE,FT,Penetration Tester,125000,US,100,US,M
2022,MI,FT,DevSecOps Engineer,119910,US,0,US,M
2022,MI,FT,DevSecOps Engineer,72324,US,0,US,M
2022,MI,FT,Security Officer,94000,US,0,US,M
2022,MI,FT,Security Officer,59000,US,0,US,M
2022,SE,FT,Security Specialist,177600,US,100,US,L
2022,SE,FT,Security Specialist,131300,US,100,US,L
2022,MI,FT,Cloud Security Engineer,120000,US,100,US,L
2022,SE,FT,Security Engineer,211600,US,100,US,M
2022,SE,FT,Security Engineer,182160,US,100,US,M
2022,SE,FT,Security Engineer,207000,US,100,US,M
2022,SE,FT,Security Engineer,139000,US,100,US,M
2022,SE,FT,Penetration Tester,207500,US,100,US,M
2022,SE,FT,Penetration Tester,125000,US,100,US,M
2022,SE,FT,Penetration Tester,230000,US,100,US,M
2022,SE,FT,Penetration Tester,140000,US,100,US,M
2022,SE,FT,Security Engineer,95000,US,100,US,M
2022,SE,FT,Security Engineer,154700,US,100,US,M
2022,SE,FT,Security Engineer,131495,US,100,US,M
2022,MI,FT,Security Engineer,95000,US,0,US,M
2022,MI,FT,Security Engineer,70000,US,0,US,M
2022,SE,FT,Security Engineer,235000,US,100,US,M
2022,SE,FT,Security Engineer,205000,US,100,US,M
2022,SE,FT,Security Engineer,154700,US,100,US,M
2022,SE,FT,Security Engineer,131495,US,100,US,M
2022,SE,FT,Security Engineer,202400,CA,100,CA,M
2022,SE,FT,Security Engineer,125800,CA,100,CA,M
2022,EX,FT,Head of Information Security,125000,IN,100,US,L
2022,EX,FT,Chief Information Security Officer,160000,US,50,US,S
2022,SE,FT,Security Engineer,150000,US,100,US,M
2022,SE,FT,Security Engineer,140000,US,100,US,M
2022,SE,FT,Security Engineer,125000,US,100,US,M
2022,SE,FT,Security Engineer,110000,US,100,US,M
2022,SE,FT,Security Engineer,121800,US,100,US,L
2022,SE,FT,Security Engineer,81200,US,100,US,L
2022,EX,FT,Information Security Manager,125000,US,0,US,L
2022,MI,FT,Network and Security Engineer,105000,US,100,US,L
2022,SE,FT,Threat Hunter,207500,US,100,US,M
2022,SE,FT,Threat Hunter,125000,US,100,US,M
2022,MI,FT,Information Security Compliance Lead,110000,US,100,US,L
2022,SE,FT,Security Engineer,181940,US,100,US,M
2022,SE,FT,Security Engineer,132000,US,100,US,M
2022,MI,FT,Digital Forensics Analyst,106000,US,50,US,M
2022,EN,PT,Information Security Compliance Analyst,46800,US,100,US,L
2022,SE,FT,Cyber Threat Analyst,137000,US,100,US,L
2022,SE,FT,Cyber Threat Analyst,137000,US,100,US,L
2022,SE,FT,Security Engineer,210000,US,100,US,M
2022,SE,FT,Security Engineer,160000,US,100,US,M
2022,SE,FT,Security Consultant,228600,US,100,US,L
2022,SE,FT,Security Consultant,153600,US,100,US,L
2022,SE,FT,Security Analyst,146000,US,0,US,M
2022,SE,FT,Security Analyst,122000,US,0,US,M
2022,SE,FT,Security Consultant,228600,US,100,US,L
2022,SE,FT,Security Consultant,153600,US,100,US,L
2022,SE,FT,Security Engineer,182000,US,100,US,M
2022,SE,FT,Security Engineer,153000,US,100,US,M
2022,EN,FT,Cyber Security Consultant,110000,US,100,US,M
2022,SE,FT,Security Consultant,228518,US,100,US,L
2022,SE,FT,Security Consultant,153550,US,100,US,L
2022,SE,FT,Security Engineer,188700,US,100,US,L
2022,SE,FT,Security Engineer,103600,US,100,US,L
2022,SE,FT,Security Engineer,227200,CA,100,CA,M
2022,SE,FT,Security Engineer,149600,CA,100,CA,M
2022,SE,FT,Security Engineer,157250,US,100,US,M
2022,SE,FT,Security Engineer,133663,US,100,US,M
2022,SE,FT,Security Engineer,170200,CA,100,CA,M
2022,SE,FT,Security Engineer,125800,CA,100,CA,M
2022,SE,FT,Security Engineer,168000,CA,100,CA,M
2022,SE,FT,Security Engineer,134000,CA,100,CA,M
2022,SE,FT,Security Engineer,202400,CA,100,CA,M
2022,SE,FT,Security Engineer,125800,CA,100,CA,M
2022,SE,FT,Security Engineer,150000,US,100,US,M
2022,SE,FT,Security Engineer,130000,US,100,US,M
2022,EN,FT,Cyber Program Manager,63000,US,50,US,S
2022,MI,FT,Security Analyst,95000,US,0,US,M
2022,MI,FT,Security Analyst,70000,US,0,US,M
2022,EN,CT,Cyber Security Analyst,120000,BW,100,BW,S
2022,EX,FT,Application Security Architect,315000,US,100,US,L
2022,SE,FT,Security Researcher,220000,US,100,US,M
2022,SE,FT,Security Researcher,140000,US,100,US,M
2022,EX,FT,Information Security Compliance Manager,360000,TW,100,SG,L
2021,EN,FT,Security Specialist,50000,US,0,US,S
2022,SE,FT,Application Security Specialist,85000,US,100,US,L
2022,MI,FT,Cyber Security Consultant,90000,US,100,US,L
2022,EN,FT,Security Specialist,50000,US,0,US,S
2022,EX,FT,Head of Information Security,290000,US,100,US,L
2021,EX,FT,Head of Information Security,232000,US,100,US,L
2022,EX,FT,Head of Information Security,244000,US,100,US,L
2022,EN,FT,Security Incident Response Engineer,112000,US,100,US,L
2022,EN,FT,Cyber Security Analyst,72000,US,100,US,L
2022,MI,FT,DevSecOps Engineer,152000,US,0,US,M
2022,MI,FT,DevSecOps Engineer,91000,US,0,US,M
2022,MI,FT,Application Security Engineer,207000,US,100,US,L
2022,EX,FT,Chief Information Security Officer,300000,AE,50,AE,L
2022,MI,FT,Vulnerability Analyst,115000,US,100,US,L
2022,EN,FT,Information Security Analyst,52000,US,100,US,L
2022,SE,FT,Principal Application Security Engineer,237000,US,100,US,L
2021,EN,FT,Cyber Security Architect,150000,US,50,US,M
2022,SE,FT,Information Security Manager,110000,US,0,US,L
2022,EN,FT,SOC Analyst,104000,US,100,US,L
2021,EN,FT,SOC Analyst,75000,US,0,US,M
2022,SE,FT,DevSecOps Engineer,165000,US,100,US,L
2022,SE,FT,Penetration Tester,190000,US,100,US,L
2022,SE,FT,Cyber Threat Intelligence Analyst,135000,US,100,US,L
2022,MI,FT,Information Security Officer,97900,US,50,US,L
2022,SE,FT,IT Security Analyst,90000,US,100,US,S
2021,SE,FT,Security Consultant,175000,US,100,US,L
2022,MI,FT,Cyber Security Analyst,89998,US,0,US,L
2022,MI,FT,Information Security Specialist,150000,US,100,US,L
2022,MI,FT,Security Analyst,115000,US,100,US,L
2022,MI,FT,Information Security Officer,135000,US,50,US,L
2022,EX,FT,Information Security Manager,102000,US,50,US,L
2022,SE,FT,Penetration Tester,108000,US,100,US,L
2022,SE,FT,Cyber Security Consultant,200000,US,100,US,M
2022,EN,FT,Cyber Security Analyst,50000,US,0,US,S
2022,SE,FT,DevSecOps Engineer,157000,US,0,US,M
2022,SE,FT,DevSecOps Engineer,108000,US,0,US,M
2022,EX,FT,Director of Information Security,148000,US,0,US,L
2022,MI,FT,Security Engineer,130000,US,0,US,M
2022,MI,FT,Security Engineer,120000,US,0,US,M
2022,SE,FT,Threat Hunter,150000,US,100,CH,L
2022,SE,FT,Threat Intelligence Analyst,184800,US,100,US,M
2022,SE,FT,Threat Intelligence Analyst,130800,US,100,US,M
2022,MI,FT,Security Analyst,114000,US,0,US,L
2022,SE,FT,Security Engineer,207000,US,100,US,M
2022,SE,FT,Security Engineer,153000,US,100,US,M
2022,SE,FT,Security Incident Response Engineer,245000,US,100,US,L
2022,SE,FT,IT Security Analyst,98000,US,50,US,L
2022,SE,FT,Security Engineer,220100,US,100,US,M
2022,SE,FT,Security Engineer,176080,US,100,US,M
2022,SE,FT,Security Engineer,226400,US,100,US,L
2022,SE,FT,Security Engineer,124300,US,100,US,L
2022,SE,FT,IT Security Engineer,145000,US,100,US,L
2022,EX,FT,Cloud Security Engineering Manager,50000,CL,100,CL,M
2022,EN,FT,Data Security Analyst,50000,US,100,US,L
2022,EN,FT,Data Security Analyst,50000,US,100,US,L
2022,SE,FT,Security Specialist,238200,US,100,US,L
2022,SE,FT,Security Specialist,176100,US,100,US,L
2022,SE,FT,Security Engineer,181940,US,100,US,M
2022,SE,FT,Security Engineer,132000,US,100,US,M
2022,SE,FT,Security Engineer,186000,US,100,US,M
2022,SE,FT,Security Engineer,148800,US,100,US,M
2022,SE,FT,Detection Engineer,252000,US,100,US,M
2022,SE,FT,Detection Engineer,145000,US,100,US,M
2022,EX,FT,Chief Information Security Officer,236000,US,100,US,L
2022,SE,FT,Principal Security Engineer,167000,US,100,US,M
2022,EX,FT,Head of Information Security,175000,US,100,US,M
2022,MI,FT,Information Systems Security Engineer,86500,US,50,US,L
2022,SE,FT,Security Engineer,200100,US,100,US,M
2022,SE,FT,Security Engineer,160080,US,100,US,M
2022,SE,FT,Security Engineer,165400,US,100,US,M
2022,SE,FT,Security Engineer,132320,US,100,US,M
2022,SE,FT,Security Specialist,207800,US,100,US,L
2022,SE,FT,Security Specialist,153600,US,100,US,L
2021,MI,FT,Information Security Analyst,88000,US,100,US,L
2022,EX,FT,Information Security Compliance Manager,180000,US,100,US,L
2022,SE,FT,Security Engineer,210000,CA,100,CA,M
2022,SE,FT,Security Engineer,160000,CA,100,CA,M
2022,SE,FT,Vulnerability Management Engineer,250600,US,100,US,M
2022,SE,FT,Vulnerability Management Engineer,118100,US,100,US,M
2022,SE,FT,Security Engineer,105800,US,100,US,M
2022,SE,FT,Security Engineer,81600,US,100,US,M
2022,EN,FT,Security Analyst,140000,US,100,US,L
2022,SE,FT,Information Security Officer,267840,US,100,US,M
2022,SE,FT,Information Security Officer,214056,US,100,US,M
2022,EN,CT,Cyber Security Analyst,80000,US,100,US,L
2022,EN,CT,Cyber Security Analyst,60000,US,100,US,L
2022,EN,FT,Cyber Security Analyst,60000,US,100,US,L
2022,EN,FT,Azure Security Engineer,60000,US,100,US,L
2022,EN,FT,Azure Security Engineer,60000,US,100,US,S
2021,EN,FT,Cyber Security Analyst,115000,US,100,US,M
2022,MI,FT,Security Engineer,170000,AU,0,AU,M
2022,MI,FT,Security Engineer,140000,AU,0,AU,M
2022,SE,FT,Cyber Security Engineer,175000,US,0,US,S
2022,EX,FT,Director of Information Security,180000,US,100,US,L
2022,MI,FT,Information Security Engineer,101000,US,100,US,L
2022,MI,FT,IT Security Engineer,101000,US,100,US,L
2022,SE,FT,DevOps Security Engineer,175000,US,100,US,L
2022,MI,FT,Cyber Security Analyst,97500,US,100,US,L
2022,EN,FT,Cyber Security Analyst,67000,US,100,US,L
2022,SE,FT,Security Engineer,124600,US,100,US,M
2022,SE,FT,Security Engineer,96000,US,100,US,M
2022,SE,FT,Detection Engineer,292000,GB,100,GB,M
2022,SE,FT,Detection Engineer,170000,GB,100,GB,M
2022,MI,FT,Security Engineer,160000,AU,0,AU,M
2022,MI,FT,Security Engineer,140000,AU,0,AU,M
2022,SE,FT,Penetration Tester,180000,US,100,US,M
2022,SE,FT,Penetration Tester,140000,US,100,US,M
2022,SE,FT,Security Engineer,245000,US,0,US,M
2022,SE,FT,Security Engineer,190000,US,0,US,M
2022,SE,FT,Security Engineer,226400,US,100,US,L
2022,SE,FT,Security Engineer,124300,US,100,US,L
2022,EN,FT,SOC Analyst,91600,US,100,US,L
2022,MI,FT,Cloud Security Engineer,165000,US,50,US,L
2022,SE,FT,Security Specialist,160000,US,100,US,L
2022,SE,FT,Security Specialist,92400,US,100,US,L
2022,SE,FT,Threat Intelligence Analyst,103000,US,100,US,L
2022,SE,FT,Security Engineer,154000,US,100,US,M
2022,SE,FT,Security Engineer,139000,US,100,US,M
2022,EX,FT,Security Officer,160000,US,100,US,M
2022,EX,FT,Security Officer,120000,US,100,US,M
2022,SE,FT,Security Engineer,82900,US,100,US,M
2022,SE,FT,Security Engineer,63900,US,100,US,M
2022,EN,FT,SOC Analyst,75000,US,100,US,L
2022,EN,FT,SOC Analyst,75000,US,100,US,L
2022,MI,FT,Security Analyst,89000,US,0,US,L
2022,MI,FT,Security Analyst,68462,US,0,US,L
2022,MI,FT,Security Engineer,72500,US,100,JP,L
2022,SE,FT,Security Engineer,276900,US,100,US,M
2022,SE,FT,Security Engineer,168400,US,100,US,M
2022,SE,FT,Security Engineer,105800,US,0,US,M
2022,SE,FT,Security Engineer,81600,US,0,US,M
2022,SE,FT,Security Specialist,177600,US,100,US,L
2022,SE,FT,Security Specialist,131300,US,100,US,L
2022,SE,FT,Security Engineer,120000,US,100,US,M
2022,SE,FT,Security Engineer,90000,US,100,US,M
2022,MI,FT,Security Engineer,145000,US,100,US,M
2022,MI,FT,Security Engineer,105400,US,100,US,M
2022,SE,FT,Security Engineer,220000,US,0,US,M
2022,SE,FT,Security Engineer,140000,US,0,US,M
2022,SE,FT,Security Engineer,175000,US,100,US,M
2022,SE,FT,Security Engineer,130000,US,100,US,M
2022,SE,FT,Application Security Engineer,60000,PK,100,US,M
2022,EN,PT,Penetration Tester,80000,IN,100,US,L
2022,MI,FT,Detection Engineer,200100,US,100,US,M
2022,MI,FT,Detection Engineer,160080,US,100,US,M
2022,MI,FT,Security Consultant,135000,US,100,US,M
2022,MI,FT,Security Consultant,100000,US,100,US,M
2022,SE,FT,Security Engineer,195000,US,100,US,M
2022,SE,FT,Security Engineer,170000,US,100,US,M
2022,MI,FT,Security Engineer,108070,US,100,US,M
2022,MI,FT,Security Engineer,91860,US,100,US,M
2022,SE,FT,Security Specialist,207800,US,100,US,L
2022,SE,FT,Security Specialist,153600,US,100,US,L
2022,MI,FT,Security Analyst,102600,US,100,US,M
2022,MI,FT,Security Analyst,82080,US,100,US,M
2022,MI,FT,Security Engineer,160000,US,0,US,M
2022,MI,FT,Security Engineer,110000,US,0,US,M
2022,MI,FT,DevSecOps Engineer,152000,US,0,US,M
2022,MI,FT,DevSecOps Engineer,91000,US,0,US,M
2022,MI,FT,Detection Engineer,200100,US,100,US,M
2022,MI,FT,Detection Engineer,160080,US,100,US,M
2022,MI,FT,Security Analyst,193800,US,100,US,M
2022,MI,FT,Security Analyst,62000,US,100,US,M
2022,SE,FT,Security Engineer,160000,US,100,US,L
2022,SE,FT,Security Engineer,120000,US,100,US,L
2022,SE,FT,Security Engineer,192400,US,100,US,M
2022,SE,FT,Security Engineer,90700,US,100,US,M
2022,SE,FT,Security Analyst,150260,US,100,US,M
2022,SE,FT,Security Analyst,109280,US,100,US,M
2022,SE,FT,Penetration Tester,175000,US,0,US,M
2022,SE,FT,Penetration Tester,90000,US,0,US,M
2022,SE,FT,Security Engineer,200100,US,100,US,M
2022,SE,FT,Security Engineer,160080,US,100,US,M
2022,SE,FT,Security DevOps Engineer,130200,US,100,US,M
2022,SE,FT,Security DevOps Engineer,106500,US,100,US,M
2022,SE,FT,Security Specialist,146800,US,100,US,M
2022,SE,FT,Security Specialist,118200,US,100,US,M
2022,SE,FT,Security Engineer,165200,US,100,US,M
2022,SE,FT,Security Engineer,133000,US,100,US,M
2022,SE,FT,Security Engineer,165200,US,100,US,M
2022,SE,FT,Security Engineer,133000,US,100,US,M
2022,SE,FT,Security Engineer,146800,US,100,US,M
2022,SE,FT,Security Engineer,118200,US,100,US,M
2022,SE,FT,Security Engineer,115700,US,100,US,M
2022,SE,FT,Security Engineer,94700,US,100,US,M
2022,MI,FT,Security Analyst,60000,US,100,US,M
2022,MI,FT,Security Analyst,50000,US,100,US,M
2022,SE,FT,Security Engineer,210000,CA,0,CA,M
2022,SE,FT,Security Engineer,160000,CA,0,CA,M
2022,SE,FT,Security Analyst,144200,US,0,US,M
2022,SE,FT,Security Analyst,132870,US,0,US,M
2022,SE,FT,Security Engineer,175000,US,0,US,M
2022,SE,FT,Security Engineer,120000,US,0,US,M
2022,SE,FT,Penetration Tester,180000,US,100,US,M
2022,SE,FT,Penetration Tester,80000,US,100,US,M
2022,MI,FT,Security DevOps Engineer,91670,US,0,US,L
2022,MI,FT,Security DevOps Engineer,63500,US,0,US,L
2022,SE,FT,Information Security Manager,180000,US,0,US,M
2022,SE,FT,Information Security Manager,90000,US,0,US,M
2022,SE,FT,Security Engineer,165400,US,100,US,M
2022,SE,FT,Security Engineer,132320,US,100,US,M
2022,SE,FT,Security Engineer,184800,US,100,US,M
2022,SE,FT,Security Engineer,148800,US,100,US,M
2022,SE,FT,Penetration Tester,207500,CA,100,CA,M
2022,SE,FT,Penetration Tester,125000,CA,100,CA,M
2022,SE,FT,Security Engineer,165400,US,100,US,M
2022,SE,FT,Security Engineer,132320,US,100,US,M
2022,MI,FT,Security Engineer,145000,US,100,US,M
2022,MI,FT,Security Engineer,118600,US,100,US,M
2022,MI,FT,DevSecOps Engineer,152000,US,0,US,M
2022,MI,FT,DevSecOps Engineer,91000,US,0,US,M
2022,SE,FT,Security Engineer,210000,CA,0,CA,M
2022,SE,FT,Security Engineer,160000,CA,0,CA,M
2022,SE,FT,DevSecOps Engineer,157000,US,0,US,M
2022,SE,FT,DevSecOps Engineer,108000,US,0,US,M
2022,SE,FT,Security Consultant,175000,US,100,US,M
2022,SE,FT,Security Consultant,90000,US,100,US,M
2022,SE,FT,Security Engineer,220000,US,100,US,M
2022,SE,FT,Security Engineer,165400,US,100,US,M
2022,SE,FT,Security Engineer,184800,US,100,US,M
2022,SE,FT,Security Engineer,148800,US,100,US,M
2022,SE,FT,Security Engineer,145000,US,100,US,M
2022,SE,FT,Security Engineer,118600,US,100,US,M
2022,SE,FT,Security Engineer,165400,US,0,US,M
2022,SE,FT,Security Engineer,132320,US,0,US,M
2022,SE,FT,Security Engineer,165400,US,100,US,M
2022,SE,FT,Security Engineer,132320,US,100,US,M
2022,SE,FT,Security Engineer,160000,US,100,US,M
2022,SE,FT,Security Engineer,130000,US,100,US,M
2022,MI,FT,Vulnerability Analyst,115000,US,100,US,M
2022,MI,FT,Vulnerability Analyst,100000,US,100,US,M
2022,SE,FT,Security Engineer,131500,US,100,US,M
2022,SE,FT,Security Engineer,111775,US,100,US,M
2022,SE,FT,Security Engineer,221500,US,100,US,M
2022,SE,FT,Security Engineer,104400,US,100,US,M
2022,SE,FT,Security Engineer,210000,US,0,US,M
2022,SE,FT,Security Engineer,160000,US,0,US,M
2022,MI,FT,Security Engineer,140000,US,100,US,S
2022,MI,FT,Security Engineer,90000,US,100,US,S
2022,SE,FT,Security Engineer,165400,US,100,US,M
2022,SE,FT,Security Engineer,132320,US,100,US,M
2022,MI,FT,Security Analyst,60000,US,100,US,M
2022,MI,FT,Security Analyst,50000,US,100,US,M
2022,SE,FT,Information Security Officer,267840,US,100,US,M
2022,SE,FT,Information Security Officer,214056,US,100,US,M
2022,SE,FT,Security Engineer,201000,US,100,US,M
2022,SE,FT,Security Engineer,160080,US,100,US,M
2022,MI,FT,Security Engineer,172000,US,0,US,M
2022,MI,FT,Security Engineer,87000,US,0,US,M
2022,MI,FT,Security Engineer,141300,US,0,US,M
2022,MI,FT,Security Engineer,102100,US,0,US,M
2022,MI,FT,Security Engineer,141300,US,0,US,M
2022,MI,FT,Security Engineer,88100,US,0,US,M
2022,SE,FT,Security DevOps Engineer,120000,US,100,US,M
2022,SE,FT,Security DevOps Engineer,30000,US,100,US,M
2022,SE,FT,Cyber Threat Intelligence Analyst,222500,US,100,US,M
2022,SE,FT,Cyber Threat Intelligence Analyst,135000,US,100,US,M
2022,EX,FT,Information Security Officer,300000,US,100,US,M
2022,EX,FT,Information Security Officer,250000,US,100,US,M
2022,SE,FT,Security Engineer,210000,CA,0,CA,M
2022,SE,FT,Security Engineer,160000,CA,0,CA,M
2022,SE,FT,Security Analyst,168400,US,100,US,M
2022,SE,FT,Security Analyst,148000,US,100,US,M
2022,SE,FT,Security Engineer,165400,US,100,US,M
2022,SE,FT,Security Engineer,132320,US,100,US,M
2022,SE,FT,Security Engineer,200100,US,100,US,M
2022,SE,FT,Security Engineer,160080,US,100,US,M
2022,SE,FT,Security Engineer,220100,US,100,US,M
2022,SE,FT,Security Engineer,176080,US,100,US,M
2022,MI,FT,Security Analyst,65000,US,100,US,M
2022,MI,FT,Security Analyst,55000,US,100,US,M
2022,SE,FT,Security Engineer,230000,US,0,US,M
2022,SE,FT,Security Engineer,190000,US,0,US,M
2022,SE,FT,Security Engineer,182750,US,100,US,M
2022,SE,FT,Security Engineer,153000,US,100,US,M
2022,MI,FT,Security Engineer,210000,US,100,US,M
2022,MI,FT,Security Engineer,140000,US,100,US,M
2022,SE,FT,Security Engineer,207000,US,100,US,M
2022,SE,FT,Security Engineer,153000,US,100,US,M
2022,MI,FT,Security Engineer,182000,US,100,US,M
2022,MI,FT,Security Engineer,153000,US,100,US,M
2022,SE,FT,Security Engineer,220100,US,100,US,M
2022,SE,FT,Security Engineer,176080,US,100,US,M
2022,SE,FT,Security Engineer,120000,US,100,US,M
2022,SE,FT,Security Engineer,90000,US,100,US,M
2022,MI,FT,Security Analyst,60000,US,100,US,M
2022,MI,FT,Security Analyst,50000,US,100,US,M
2022,SE,FT,Security Engineer,276900,US,100,US,M
2022,SE,FT,Security Engineer,104400,US,100,US,M
2022,SE,FT,Security Engineer,192400,US,100,US,M
2022,SE,FT,Security Engineer,90700,US,100,US,M
2022,SE,FT,Security Engineer,210000,CA,100,CA,M
2022,SE,FT,Security Engineer,160000,CA,100,CA,M
2022,MI,FT,Security Engineer,208775,US,100,US,M
2022,MI,FT,Security Engineer,147800,US,100,US,M
2022,SE,FT,DevSecOps Engineer,157000,US,0,US,M
2022,SE,FT,DevSecOps Engineer,108000,US,0,US,M
2022,MI,FT,DevSecOps Engineer,152000,US,0,US,M
2022,MI,FT,DevSecOps Engineer,91000,US,0,US,M
2022,SE,FT,Security Engineer,200100,US,100,US,M
2022,SE,FT,Security Engineer,160080,US,100,US,M
2022,MI,FT,Cyber Security Analyst,111000,CH,50,CH,L
2022,MI,FT,Security Engineer,200000,US,100,US,L
2022,EX,FT,Director of Information Security,220000,US,100,US,M
2022,EN,FT,Cyber Security Architect,150000,GH,100,US,M
2022,SE,FT,Principal Security Engineer,271600,US,100,US,L
2022,MI,FT,Security Consultant,122500,US,100,US,S
2022,MI,FT,Cyber Security Architect,129000,US,100,US,L
2022,SE,FT,Principal Security Engineer,260000,US,100,US,L
2022,SE,FT,Information Security Manager,145000,US,100,US,L
2022,SE,FT,Vulnerability Researcher,135000,ES,100,US,S
2022,MI,FT,Cyber Threat Intelligence Analyst,126000,US,0,US,M
2022,MI,FT,Computer Forensic Software Engineer,122000,US,50,US,L
2022,MI,FT,Incident Response Analyst,140000,US,100,US,L
2022,SE,FT,Cyber Security Architect,150000,US,100,US,L
2021,SE,FT,Security Researcher,172500,US,100,US,L
2022,MI,FT,Cyber Threat Intelligence Analyst,120000,US,50,US,L
2022,EX,FT,Application Security Analyst,259000,US,50,US,L
2022,SE,FT,Cyber Threat Intelligence Analyst,180000,US,50,US,L
2022,SE,FT,Information Security Manager,250000,US,100,US,L
2022,EN,FT,Cyber Threat Intelligence Analyst,105000,US,100,US,L
2022,SE,FT,IT Security Analyst,104000,US,100,US,M
2022,SE,FT,Security Researcher,192500,US,100,US,S
2022,EN,FT,Penetration Tester,5800,AZ,0,AZ,L
2021,SE,FT,Security Engineer,190000,US,0,US,L
2022,MI,FT,Cyber Security Engineer,100000,US,100,US,L
2022,EN,FT,Penetration Tester,10000,AR,100,ES,S
2022,SE,FT,Cloud Security Architect,224000,US,100,US,L
2022,SE,FT,Cyber Security Analyst,125000,US,100,US,L
2021,SE,FT,Cyber Threat Intelligence Analyst,120000,US,100,US,L
2022,MI,FT,Cyber Security Engineer,10000,DZ,50,DZ,M
2022,SE,FT,Principal Security Engineer,215000,US,100,US,L
2022,MI,FT,Information Security Engineer,260000,US,100,US,L
2022,MI,FT,Information Security Engineer,45000,RO,100,RO,L
2021,EN,FT,Penetration Tester,50000,US,100,US,L
2022,SE,FT,Security Consultant,149000,US,100,US,M
2020,SE,FT,Security Engineer,107000,US,0,US,L
2022,SE,FT,Security Consultant,140000,US,100,US,M
2022,SE,FT,Information Security Manager,127000,US,100,US,L
2022,EN,FT,Application Security Analyst,50000,AF,100,AX,L
2022,MI,FT,Information Security Engineer,130000,US,100,US,S
2022,SE,FT,Information Security Manager,135000,US,0,US,L
2021,SE,FT,Information Security Manager,135000,US,0,US,L
2022,EX,FT,Information Security Architect,325000,US,100,US,L
2021,EN,FT,Security Researcher,100000,US,50,US,L
2022,SE,FT,Information Security Compliance Manager,150000,US,100,US,L
2022,MI,FT,Product Security Engineer,130000,US,100,US,M
2022,SE,FT,Incident Response Analyst,135000,US,100,US,M
2022,SE,FT,Incident Response Analyst,100000,US,100,US,M
2022,EN,FT,SOC Analyst,85000,US,0,US,L
2021,SE,FT,Information Security Analyst,180000,US,100,US,L
2022,SE,FT,Cyber Security Engineer,150000,US,100,US,L
2022,EN,FT,Cyber Security Analyst,55000,US,0,US,M
2021,SE,FT,Incident Response Analyst,175000,US,100,US,M
2022,EN,FT,DevOps Security Engineer,70000,US,100,US,L
2021,EN,FT,Application Security Engineer,200000,US,100,US,L
2022,MI,FT,Cyber Security Engineer,410000,IN,100,IN,L
2022,MI,FT,Information Security Analyst,90000,US,100,US,L
2022,EX,FT,Incident Response Manager,201000,US,100,US,L
2022,SE,FT,Security Engineer,196000,US,100,US,L
2021,SE,FT,Security Researcher,137000,US,50,US,M
2022,MI,FT,Cyber Security Analyst,180000,US,100,US,L
2022,MI,FT,Application Security Engineer,250000,US,100,US,L
2021,SE,FT,Information Security Architect,128000,US,100,US,L
2022,SE,FT,Threat Intelligence Analyst,150000,US,100,US,L
2022,MI,FT,Security Engineer,150000,US,0,US,L
2022,MI,FT,Information Security Manager,180000,US,100,US,L
2022,SE,FT,Vulnerability Management Engineer,130000,US,0,US,L
2022,MI,FT,Incident Response Analyst,127000,US,100,US,L
2022,MI,FT,Cloud Security Engineer,108856,US,0,US,L
2022,MI,FT,Incident Response Analyst,87000,US,50,US,L
2022,EN,FT,Penetration Tester,2000,RO,50,RO,M
2022,SE,FT,IT Security Engineer,130000,US,50,US,L
2022,MI,FT,DevSecOps Engineer,150000,US,100,US,L
2021,SE,FT,Penetration Testing Engineer,160000,US,100,US,L
2021,SE,FT,Cyber Security Engineer,150000,US,50,US,L
2021,MI,FT,Information Security Analyst,55000,US,50,US,L
2022,SE,FT,Information Security Manager,260000,US,100,US,L
2021,EX,FT,Cyber Security Architect,50000,HR,50,HR,L
2021,SE,FT,Information Security Manager,145000,US,0,US,L
2021,SE,FT,Information Security Manager,135000,US,0,US,L
2021,MI,FT,Information Security Analyst,88000,US,0,US,L
2021,MI,FT,Information Security Analyst,84000,US,0,US,L
2021,SE,FT,Cloud Security Engineer,120000,US,100,US,M
2022,SE,FT,Security Engineer,146000,US,100,US,L
2022,EN,FT,Cyber Threat Analyst,60000,US,100,US,M
2022,SE,FT,Vulnerability Management Engineer,175000,US,100,US,L
2022,SE,FT,Cyber Security Architect,160000,US,100,US,L
2022,SE,CT,Application Security Engineer,200000,BR,100,CA,L
2022,MI,FT,Infrastructure Security Engineer,130000,US,100,US,M
2021,EN,FT,Cyber Security Analyst,84300,US,100,US,L
2022,EN,FT,Penetration Testing Engineer,50000,US,100,US,S
2022,EN,FT,Incident Response Analyst,85000,US,100,US,L
2022,MI,FT,Information Security Manager,171200,US,100,US,L
2021,MI,FT,Information Security Analyst,66000,US,100,US,L
2022,EX,FT,Head of Security,270000,US,50,US,L
2022,MI,FT,Information Security Analyst,84583,US,0,US,L
2021,EN,FT,Security Analyst,70000,US,0,US,L
2022,EN,FT,Penetration Tester,63000,US,50,US,L
2022,EN,FT,IT Security Manager,110000,US,50,US,M
2021,EN,FT,Cyber Security Analyst,53000,US,50,US,M
2021,EN,FT,SOC Analyst,55000,US,50,US,S
2021,SE,FT,Security Analyst,180000,US,100,US,L
2022,SE,FT,Threat Hunting Lead,61000,HU,50,HU,L
2022,MI,FT,Information Security Officer,2202,ET,0,ET,L
2022,SE,FT,Information Security Specialist,106000,US,100,US,L
2022,MI,FT,Cyber Security Engineer,98000,US,100,US,L
2020,SE,FT,Cyber Threat Analyst,125000,US,50,US,L
2022,MI,FT,Incident Response Analyst,160000,US,100,US,L
2022,SE,FT,Penetration Testing Engineer,150000,US,100,US,M
2022,EN,FT,IT Security Analyst,76000,US,50,US,L
2021,EX,FT,Chief Information Security Officer,310000,US,50,US,L
2021,MI,FT,Incident Response Manager,99980,US,100,US,L
2021,MI,FT,Cyber Threat Analyst,145000,US,100,US,L
2022,EN,FT,Cyber Security Specialist,79000,US,50,US,M
2021,MI,FT,Incident Response Lead,120000,US,100,US,L
2022,EX,FT,Head of Security,210000,US,100,US,L
2022,MI,FT,Cyber Threat Intelligence Analyst,125000,US,100,US,M
2022,SE,FT,Security Analyst,115000,US,100,US,L
2021,SE,FT,Incident Response Lead,225000,US,100,US,L
2022,EX,FT,Information Security Manager,153000,US,100,US,L
2022,SE,FT,Corporate Security Engineer,180000,US,100,US,M
2021,MI,FT,Cyber Threat Intelligence Analyst,120000,US,100,US,L
2022,MI,FT,Cyber Security Analyst,107000,US,100,US,L
2022,SE,FT,Security Engineering Manager,20000,PK,0,PK,L
2022,EN,FT,Cyber Security Analyst,65000,US,100,US,L
2021,SE,FT,Penetration Tester,150000,CA,100,CA,S
2021,SE,FT,Security Engineering Manager,305000,US,100,US,L
2022,SE,FT,Security Researcher,500000,US,100,US,L
2021,SE,FT,Information Systems Security Engineer,125000,US,100,US,L
2021,SE,FT,Staff Security Engineer,140000,US,50,US,L
2022,SE,FT,Information Security Architect,297000,US,50,US,L
2021,MI,FT,Information Security Analyst,46560,US,100,US,L
2022,SE,FT,Cyber Security Analyst,96000,US,100,US,L
2022,SE,FT,Penetration Tester,130000,US,100,US,L
2022,SE,FT,Cyber Security Analyst,129000,US,100,US,L
2022,SE,FT,Cyber Security Engineer,155000,US,100,US,L
2021,SE,FT,Cyber Security Architect,125000,US,100,US,L
2020,EN,FT,SOC Analyst,73000,US,0,US,M
2021,SE,FT,Cyber Security Engineer,170000,US,100,US,L
2022,SE,FT,Security Engineer,160000,US,100,US,L
2022,EN,FT,Cyber Security Analyst,70000,US,100,US,M
2021,MI,FT,Information Security Analyst,98000,US,100,US,L
2022,SE,FT,Cyber Threat Intelligence Analyst,143000,US,100,US,L
2021,MI,FT,Security Engineer,83500,US,0,US,L
2022,MI,FT,Security Operations Analyst,120000,US,100,US,L
2022,MI,FT,Security Engineer,120000,US,100,US,M
2022,MI,FT,Cyber Security Analyst,20100,CR,100,US,L
2022,EX,FT,Security Researcher,240000,US,100,US,L
2021,MI,FT,Cyber Threat Intelligence Analyst,97000,US,100,US,L
2022,SE,FT,Threat Intelligence Response Analyst,220000,US,100,US,L
2022,EX,FT,Cyber Threat Intelligence Analyst,287500,US,50,US,L
2022,SE,FT,Penetration Tester,150000,US,100,US,M
2021,SE,FT,Cyber Security Engineer,120000,US,100,US,L
2021,SE,FT,Threat Intelligence Analyst,157000,US,100,US,L
2021,SE,FT,Threat Intelligence Analyst,208000,JP,100,US,L
2022,SE,FT,Security Specialist,100500,US,100,US,L
2021,EX,FT,Incident Response Manager,175000,US,100,US,L
2022,SE,FT,Cyber Threat Intelligence Analyst,150000,US,100,US,L
2022,EN,FT,Cyber Security Analyst,72000,US,100,US,L
2021,SE,FT,Cyber Threat Analyst,125000,US,100,US,L
2022,SE,FT,IT Security Manager,190000,US,50,US,L
2022,EN,FT,Security Analyst,65000,US,100,US,L
2022,MI,FT,Security Researcher,160000,US,50,US,S
2022,MI,FT,Cyber Security Analyst,90000,US,100,US,S
2022,SE,FT,Detection Engineer,360000,US,100,US,L
2022,SE,FT,Detection Engineer,200000,US,100,US,L
2022,MI,FT,Cloud Security Engineer,120000,US,100,US,L
2022,EN,FT,Cyber Security Analyst,34000,US,100,US,L
2022,MI,FT,Penetration Tester,165000,US,100,US,M
2022,SE,FT,Cyber Security Engineer,173000,US,50,US,L
2021,MI,FT,Cyber Security Engineer,109000,US,0,US,L
2022,MI,FT,Threat Intelligence Analyst,126000,US,0,US,M
2022,MI,FT,Information Security Analyst,230000,US,50,US,L
2022,SE,FT,Information Security Specialist,112000,US,100,US,M
2022,SE,FT,Cyber Security Analyst,130000,US,50,US,L
2022,SE,FT,Enterprise Security Engineer,130000,US,100,US,L
2022,EN,FT,Cyber Security Analyst,58000,US,100,US,S
2021,MI,FT,Vulnerability Management Engineer,69000,US,100,US,L
2022,MI,FT,Cyber Security Specialist,145000,US,50,US,L
2022,MI,FT,Information Security Officer,61000,US,0,US,M
2021,EN,FT,Information Security Analyst,70000,US,100,US,L
2021,SE,FT,Information Security Architect,126000,US,50,US,L
2021,EX,FT,Head of Security,145000,US,100,US,L
2022,EN,FT,SOC Analyst,75000,US,100,US,L
2022,MI,FT,Cyber Security Analyst,74900,US,0,US,L
2021,SE,FT,Cyber Security Analyst,87000,AE,50,US,L
2021,EN,FT,Cyber Security Engineer,65000,US,100,US,L
2022,SE,FT,Information Security Manager,143000,US,50,US,L
2022,SE,FT,Vulnerability Analyst,165000,US,100,US,L
2021,MI,FT,Security Specialist,130000,US,100,US,L
2021,SE,FT,Cyber Threat Intelligence Analyst,125000,US,100,US,L
2022,SE,FT,Incident Response Lead,112000,US,50,US,L
2022,SE,FT,Security Engineer,119500,US,100,US,L
2021,EX,FT,Chief Information Security Officer,220500,US,100,US,L
2022,EN,FT,Security Analyst,70000,US,100,US,L
2022,SE,FT,IT Security Manager,172000,US,100,US,L
2022,SE,FT,Penetration Tester,118000,US,100,US,S
2021,MI,FT,Cyber Security Analyst,73300,US,0,US,L
2022,MI,FT,Penetration Tester,143000,US,100,US,L
2022,EX,FT,Threat Intelligence Response Analyst,300000,GB,100,RU,L
2021,SE,FT,Penetration Tester,105000,US,100,US,S
2022,MI,FT,Penetration Tester,42000,CZ,50,CZ,L
2022,SE,FT,Cyber Security Engineer,105000,US,0,US,S
2022,MI,FT,Security Engineer,130000,US,100,US,L
2021,EN,FT,Cyber Security Analyst,40000,AE,100,AE,L
2022,EN,CT,SOC Analyst,70000,US,100,US,L
2022,EN,FT,Threat Intelligence Analyst,85000,US,100,US,L
2022,SE,FT,Cyber Threat Intelligence Analyst,181000,US,100,US,L
2022,SE,FT,Incident Response Lead,224000,US,100,US,L
2022,EX,FT,Head of Security,220000,US,100,US,L
2021,SE,FT,Security Specialist,211000,US,100,US,L
2022,SE,FT,Cloud Security Architect,110000,US,100,US,L
2022,MI,FT,Cyber Threat Intelligence Analyst,200000,US,100,US,L
2021,MI,FT,Product Security Engineer,170000,US,100,US,L
2021,SE,FT,Information Security Manager,135000,US,100,US,L
2022,EX,FT,Threat Intelligence Analyst,189000,US,100,US,L
2021,EX,FT,Head of Security,173000,US,100,US,M
2022,SE,FT,Incident Response Lead,249000,US,100,US,L
2022,SE,FT,IT Security Manager,140000,US,100,US,L
2022,SE,CT,Detection Engineer,135000,US,50,US,L
2022,SE,FT,Incident Response Manager,600000,US,100,US,L
2021,MI,FT,Information Security Specialist,100000,US,50,US,L
2021,SE,FT,Network Security Engineer,102000,US,50,US,L
2022,MI,FT,Information Security Analyst,60000,US,100,US,M
2022,SE,FT,Security Engineering Manager,183000,US,100,US,L
2022,SE,FT,Cloud Security Architect,190000,US,100,US,L
2022,MI,FT,Information Security Engineer,130000,US,100,US,L
2021,EN,FT,Application Security Engineer,175000,US,100,US,L
2022,MI,FT,Privacy Manager,150000,US,100,US,M
2021,MI,FT,Cloud Security Engineer,155000,US,100,GB,L
2021,EN,FT,Cyber Security Engineer,74000,US,50,US,S
2022,SE,FT,Lead Security Engineer,112000,US,100,US,L
2022,SE,FT,Security Engineer,255000,US,100,US,L
2022,SE,FT,Security Engineer,170000,US,100,US,L
2022,SE,FT,Penetration Testing Engineer,173000,US,0,US,L
2021,MI,FT,Security Engineer,130000,US,100,US,L
2022,SE,FT,IT Security Engineer,150000,US,100,US,L
2022,EX,FT,Head of Security,200000,US,100,US,L
2021,MI,FT,IT Security Analyst,76000,US,100,US,L
2022,MI,FT,Cyber Threat Analyst,88000,US,100,US,L
2021,EN,FT,Security Analyst,50000,US,100,US,S
2021,SE,FT,Security Analyst,80000,US,100,US,S
2022,MI,FT,Cyber Security Analyst,131800,US,0,US,L
2022,MI,FT,Cyber Security Analyst,99900,US,0,US,L
2021,MI,FT,Cyber Security Engineer,110000,US,100,US,M
2022,MI,FT,Information Security Manager,160000,US,50,US,L
2021,MI,FT,Information Security Manager,128000,US,100,US,L
2022,MI,FT,Information Security Manager,130000,US,0,US,L
2021,MI,FT,Threat Intelligence Analyst,125000,US,100,US,L
2022,SE,FT,Information Security Manager,310000,US,100,US,L
2022,EN,FT,Cyber Security Analyst,55000,US,0,US,L
2021,SE,FT,IT Security Manager,138000,US,100,US,L
2021,EN,FT,Cyber Security Analyst,60000,US,50,US,L
2021,SE,FT,Network and Security Engineer,99960,US,0,US,L
2021,EN,PT,Information Security Analyst,30000,US,100,US,L
2022,MI,FT,Security Engineer,110000,US,50,US,L
2021,MI,FT,Information Security Specialist,68900,US,100,US,L
2021,MI,FT,IT Security Manager,116000,US,0,US,S
2022,EN,FT,Cyber Threat Analyst,99000,CA,100,CA,L
2022,EN,FT,Information Systems Security Engineer,44000,SG,0,SG,L
2022,EN,FT,Cyber Security Analyst,52000,US,50,US,S
2021,MI,FT,IT Security Analyst,115500,US,100,US,L
2021,SE,FT,Information Security Engineer,104000,US,100,US,L
2022,EN,FT,Network and Security Engineer,70000,IN,0,US,L
2022,MI,FT,Cyber Security Analyst,131500,US,0,US,L
2022,MI,FT,Cyber Security Analyst,99950,US,0,US,L
2021,EN,FT,Cyber Security Analyst,76200,US,50,US,L
2021,MI,FT,Digital Forensics Analyst,100000,US,100,US,M
2022,MI,FT,Information Security Officer,100000,US,50,US,L
2021,SE,FT,Security Engineer,145000,US,50,US,L
2021,MI,FT,Information Security Analyst,120000,US,100,US,L
2021,MI,FT,Penetration Tester,100000,US,100,US,M
2021,MI,FT,Software Security Engineer,320000,US,50,US,L
2021,EN,FT,Security Analyst,75000,US,100,US,S
2021,SE,FT,Cyber Security Engineer,150000,US,100,US,L
2021,SE,FT,Privacy Manager,120000,US,100,US,L
2020,MI,FT,Cyber Threat Analyst,115000,US,100,US,L
2021,MI,FT,Security Analyst,91700,US,0,US,L
2021,MI,FT,Security Analyst,82600,US,0,US,L
2021,SE,FT,IT Security Manager,146000,US,100,US,L
2021,MI,FT,Cyber Security Analyst,135000,US,50,US,L
2021,SE,FT,Information Security Manager,185000,US,50,US,L
2021,EX,FT,Head of Security,220000,US,50,US,L
2021,EN,FT,SOC Analyst,68500,US,50,US,M
2021,MI,FT,Penetration Tester,115000,US,100,US,M
2021,MI,FT,Cyber Security Engineer,97350,US,100,US,L
2020,SE,FT,Information Security Analyst,94000,US,50,US,L
2021,EN,FT,Cyber Security Engineer,93000,US,100,US,L
2021,SE,FT,Information Security Analyst,130000,US,100,US,L
2021,MI,FT,Cloud Security Engineer,100000,KG,50,RU,L
2021,EN,FT,Cyber Security Analyst,79000,US,100,US,L
2021,SE,FT,Cyber Security Training Specialist,130000,US,100,US,M
2020,SE,FT,Cyber Security Specialist,129998,US,100,US,M
2021,EN,FT,Cyber Security Analyst,75000,US,100,US,M
2021,SE,FT,Threat Intelligence Analyst,155000,US,100,US,S
2021,MI,FT,Cyber Threat Intelligence Analyst,75000,US,100,US,L
2021,SE,FT,Information Security Manager,200000,US,0,US,M
2021,MI,FT,Information Security Analyst,93600,US,100,US,L
2021,MI,FT,Chief Information Security Officer,96500,US,0,US,L
2021,EN,FT,Cyber Security Analyst,100000,KE,100,KE,M
2021,SE,FT,Cyber Security Architect,205000,US,100,US,L
2020,EN,FT,Security Engineer,122000,US,0,US,L
2020,EN,FT,Cyber Security Analyst,96000,US,50,US,L
2021,EN,FT,SOC Analyst,72000,US,100,US,L
2021,EN,FT,Cyber Security Analyst,50000,US,100,US,L
2021,EN,FT,IT Security Analyst,50000,US,0,US,L
2021,SE,FT,Information Security Architect,140000,US,100,US,L
2021,MI,FT,Cyber Security Analyst,85000,US,100,US,S
2021,SE,FT,Information Security Specialist,92000,US,100,US,L
2020,MI,FT,DevSecOps Engineer,103000,US,50,US,L
2021,EN,FT,Penetration Tester,70000,IR,0,CA,L
2021,EN,FT,Cyber Security Analyst,65000,US,100,US,L
2020,SE,FT,Incident Response Manager,180000,US,50,US,L
2021,SE,FT,Cyber Security Engineer,216000,US,100,US,L
2020,MI,FT,IT Security Analyst,90000,US,100,US,M
2021,SE,FT,Cyber Security Analyst,95000,US,100,CA,L
2021,EN,FT,Penetration Tester,70000,US,50,US,S
2021,SE,FT,Lead Security Engineer,150000,US,100,US,M
2021,SE,FT,Security Engineer,130000,US,100,US,M
2021,SE,FT,Cyber Security Engineer,175000,US,100,US,L
2021,MI,FT,Cyber Security Engineer,220000,US,50,US,M
2021,EN,FT,Information Security Officer,106000,US,0,US,L
2021,SE,FT,Incident Response Analyst,120000,US,100,US,L
2021,EN,FT,Cyber Security Analyst,75000,US,100,US,L
2021,MI,FT,Cyber Security Analyst,96000,US,50,US,L
2021,EN,FT,Information Security Analyst,75000,US,50,US,L
2021,EN,FT,Information Security Analyst,65000,US,100,US,L
2020,EN,FT,Cyber Security Engineer,80000,US,50,US,L
2020,MI,FT,SOC Analyst,91520,US,0,US,L
2021,SE,FT,Security Engineering Manager,135600,US,0,US,L
2021,MI,FT,Information Security Analyst,53000,US,0,US,L
2021,MI,FT,Cyber Security Engineer,72000,US,50,US,M
2021,MI,FT,IT Security Engineer,169000,US,50,US,L
2020,MI,FT,Cyber Security Architect,99000,US,0,US,L
2021,MI,FT,Penetration Tester,100000,US,100,US,L
2021,MI,FT,Information Security Manager,130000,US,0,US,M
2021,MI,FT,Security Analyst,97000,US,100,US,L
2021,MI,FT,IT Security Engineer,90000,US,50,US,L
2021,EN,FT,Information Security Engineer,85000,US,100,US,L
2021,MI,FT,IT Security Engineer,90000,US,50,US,L
2020,EN,FT,Vulnerability Researcher,85000,US,0,US,L
2020,MI,FT,Incident Response Manager,123000,US,0,US,L
2021,SE,FT,Cyber Security Analyst,80000,IN,50,RS,L
2021,SE,FT,Cloud Security Engineer,170000,US,100,US,L
2021,EN,FT,Cyber Threat Intelligence Analyst,77000,US,100,US,L
2021,EX,FT,Chief Information Security Officer,375000,US,100,US,L
2020,MI,FT,Security Engineer,135000,US,100,US,M
2020,SE,FT,Security Engineer,148000,US,50,US,M
2020,SE,FT,Staff Application Security Engineer,180000,US,100,US,L
2021,MI,FT,Cyber Security Analyst,90000,US,100,US,L
2021,EN,FT,Cyber Security Analyst,63700,US,100,US,L
2020,EX,FT,Information Security Manager,117810,US,0,US,S
2020,MI,FT,Information Systems Security Engineer,200000,US,100,US,L
2020,SE,FT,Cyber Security Analyst,134000,US,100,US,L
2021,MI,FT,Cyber Security Analyst,119000,US,100,AU,L
2020,MI,FT,Information Security Analyst,140000,US,0,US,L
2020,MI,FT,Cyber Security Engineer,175000,US,50,US,L
2021,SE,FT,Cyber Security Analyst,85000,US,50,US,L
2020,MI,FT,Offensive Security Engineer,180000,US,50,US,M
2021,SE,FT,Information Security Engineer,320000,US,100,US,L
2021,MI,FT,SOC Analyst,75000,US,100,US,M
2021,MI,FT,Penetration Testing Engineer,127000,US,100,US,L
2021,EN,FT,Cyber Security Specialist,45100,US,50,US,L
2021,SE,FT,Information Security Officer,124000,US,50,US,L
2021,MI,FT,Information Security Manager,90000,US,0,US,M
2021,EX,FT,IAM Engineer,240000,US,50,US,L
2021,EX,FT,IAM Engineer,240000,US,50,US,L
2020,MI,FT,Security Engineer,80000,US,100,US,M
2020,SE,FT,Security Engineering Manager,27000,AR,50,AR,M
2020,MI,FT,Cyber Security Analyst,87500,US,100,US,L
2020,MI,FT,Cyber Security Analyst,110000,US,0,US,L
2021,EN,FT,Penetration Tester,98000,US,50,US,L
2020,MI,FT,Cyber Security Architect,102000,US,50,US,L
2020,MI,FT,Cyber Threat Analyst,72000,US,100,US,L
2021,MI,FT,IT Security Engineer,124000,US,0,US,M
2021,EN,FT,Ethical Hacker,119000,US,100,US,L
2020,SE,FT,Principal Security Engineer,175000,US,100,US,L
2021,SE,FT,Information Security Manager,180000,US,100,US,L
2021,SE,FT,Information Security Manager,123000,US,100,US,L
2020,EN,FT,Cyber Security Analyst,80000,US,50,US,L
2021,MI,FT,Infrastructure Security Engineer,120000,US,50,US,L
2021,MI,FT,Cyber Security Analyst,150000,US,50,US,M
2021,SE,FT,Information Security Manager,135000,US,0,US,L
2021,MI,FT,Cyber Security Engineer,130000,US,50,US,L
2021,MI,FT,Information Security Manager,100000,US,50,US,M
2021,EN,FT,Cyber Security Analyst,70000,US,100,US,L
2021,SE,FT,Principal Cloud Security Engineer,130000,US,100,US,L
2021,EN,FT,Security Analyst,73000,US,0,US,S
2021,MI,FT,Cyber Security Analyst,92000,US,100,US,L
2021,MI,FT,Cyber Security Analyst,145000,US,50,US,L
2020,SE,FT,Cyber Security Engineer,135000,US,50,US,L
2021,SE,FT,Cyber Security Analyst,150000,US,0,US,L
2020,EN,FT,Cyber Security Engineer,75000,US,100,US,L
2020,SE,FT,Information Security Manager,150000,US,50,US,L
2021,MI,FT,Cyber Security Analyst,90000,US,0,US,M
2021,SE,FT,Information Security Architect,102500,US,0,US,L
2021,EX,FT,Chief Information Security Officer,130000,US,100,US,L
2021,MI,FT,Cyber Security Analyst,85000,US,100,US,L
2021,MI,FT,Penetration Tester,120000,US,100,US,M
2020,EX,FT,Security Engineering Manager,600000,US,50,US,L
2021,SE,FT,Cyber Security Architect,141000,US,50,US,L
2020,EN,FT,Cyber Security Analyst,66000,US,50,US,L
2021,EN,FT,Security Analyst,60008,US,50,US,L
2020,SE,FT,Cyber Security Engineer,272000,US,100,US,L
2020,EN,FT,Cyber Security Analyst,80000,US,100,US,M
2021,EN,FT,IT Security Analyst,31000,US,0,US,L
2021,EN,FT,Security Analyst,100300,US,100,US,L
2021,SE,FT,Product Security Engineer,150000,US,100,US,L
2021,MI,FT,Information Security Engineer,119000,US,100,US,L
2020,MI,FT,Security Engineer,192000,US,100,US,L
2020,SE,FT,Information Security Manager,102000,US,0,US,L
2021,SE,FT,Chief Information Security Officer,240000,US,100,US,S
2021,EN,FT,SOC Analyst,63000,US,0,US,L
2021,MI,FT,Cyber Security Engineer,98000,US,100,US,L
2021,SE,FT,Information Security Manager,100000,US,100,US,L
2021,MI,FT,Information Security Engineer,80000,US,100,US,M
2020,MI,FT,Information Security Specialist,72000,US,100,US,L
2021,EN,FT,Cyber Security Engineer,75000,US,100,US,L
2020,MI,FT,Lead Information Security Engineer,80000,US,50,US,L
2021,MI,FT,Cyber Security Analyst,67000,US,0,US,L
2020,SE,FT,Lead Information Security Engineer,130000,US,100,US,L
2021,MI,FT,SOC Analyst,120000,US,100,US,L
2021,MI,FT,Cyber Security Engineer,76500,US,100,US,L
2021,SE,FT,Cyber Security Analyst,160000,US,0,US,M
2021,EX,FT,Head of Security,200000,US,100,US,L
2021,EX,FT,Information Security Officer,142000,US,50,US,L
2020,EX,FT,Lead Security Engineer,180000,US,100,US,L
2020,MI,FT,Cyber Security Analyst,120000,US,100,US,L
2021,MI,FT,Chief Information Security Officer,40000,NL,50,NL,L
2021,SE,FT,Information Security Manager,150000,US,100,US,M
2021,MI,FT,Cyber Security Specialist,100000,US,0,US,L
2021,EX,FT,Head of Security,187000,US,100,US,L
2021,EX,FT,Chief Information Security Officer,104000,US,100,US,L
2020,EN,FT,Network Security Engineer,65000,US,50,US,L
2020,MI,FT,Cyber Security Engineer,128000,US,0,US,L
2021,MI,FT,Information Security Engineer,120000,US,100,US,L
2020,MI,FT,Information Security Manager,105000,US,100,US,L
2021,MI,FT,Information Security Analyst,120000,US,100,US,L
2021,MI,FT,Incident Response Analyst,145000,US,100,US,L
2021,EN,FT,Penetration Tester,78000,US,100,US,L
2021,SE,FT,Cyber Security Engineer,125000,US,100,US,L
2021,SE,FT,Incident Response Manager,130000,US,0,US,L
2020,SE,FT,Application Security Engineer,130000,US,100,US,L
2020,SE,FT,Information Security Manager,141000,US,100,US,L
2021,SE,FT,Product Security Engineer,120000,US,100,US,L
2021,MI,FT,Cyber Security Analyst,90000,US,100,US,L
2021,EX,FT,Information Security Manager,172500,US,100,US,M
2020,SE,FT,Network and Security Engineer,90000,US,50,US,L
2020,MI,FT,Cyber Security Analyst,93000,US,50,US,L
2021,EN,FT,IT Security Analyst,62000,US,50,US,L
2020,SE,FT,Network and Security Engineer,240000,CA,100,US,L
2021,SE,FT,Penetration Tester,195000,US,100,US,L
2021,SE,FT,Chief Information Security Officer,90000,AR,50,AR,L
2021,MI,FT,SOC Analyst,12800,EG,100,EG,M
2020,SE,FT,Cyber Security Analyst,98000,US,100,US,L
2021,EN,FT,Application Security Engineer,2000,VN,0,VN,L
2020,EN,FT,Application Security Engineer,85000,US,100,US,L
2020,MI,FT,Incident Response Manager,120000,US,50,US,L
2021,SE,FT,Information Security Manager,120000,US,50,US,M
2021,EN,FT,Cyber Security Analyst,70000,US,0,US,L
2020,MI,FT,Cyber Security Analyst,75000,US,100,US,L
2021,EN,FT,Cyber Security Engineer,101350,US,50,US,L
2020,EN,FT,Cyber Security Analyst,60000,US,50,US,L
2021,EN,FT,Detection Engineer,85000,US,0,US,L
2020,SE,FT,Cloud Security Architect,100000,SA,0,SA,L
2021,MI,FT,Cyber Security Specialist,76000,US,0,US,L
2021,SE,FT,Security Analyst,105000,US,100,US,M
2021,MI,PT,Cyber Security Researcher,100000,US,50,US,M
2021,MI,FT,Cyber Security Engineer,65000,US,100,US,L
2021,MI,FT,Information Security Officer,122000,US,0,US,L
2021,MI,FT,Cyber Security Analyst,80000,US,50,US,L
2021,MI,FT,Cyber Security Analyst,131870,US,0,US,L
2021,MI,FT,Cyber Security Analyst,99900,US,0,US,L
2021,EN,FT,Application Security Engineer,80000,AF,0,AF,S
2021,MI,FT,Cyber Security Analyst,79000,US,100,US,L
2021,SE,FT,Information Security Manager,126000,US,50,US,L
2021,EN,FT,Security Engineer,50000,US,50,US,S
2020,MI,FT,Cyber Security Engineer,75000,US,50,US,S
2021,MI,FT,IT Security Analyst,103000,US,0,US,L
2021,SE,FT,Security Engineer,138000,US,0,US,L
2020,SE,FT,Cyber Security Architect,123000,US,100,US,L
2020,MI,FT,Penetration Tester,80000,US,100,US,L
2021,MI,FT,IAM Engineer,115000,US,100,US,L
2021,SE,FL,Cyber Security Specialist,100000,FR,50,FR,L
2021,MI,FT,Incident Response Analyst,100000,US,100,US,L
2021,SE,FT,Cyber Security Researcher,275000,US,100,US,L
2021,EN,FT,Cyber Security Analyst,80000,US,50,US,L
2021,MI,FT,Cyber Security Engineer,210000,US,100,US,L
2021,EN,FT,Incident Response Analyst,66000,US,100,US,L
2021,MI,FT,Information Security Analyst,95000,US,0,US,L
2021,SE,FT,Product Security Engineer,160000,US,0,US,L
2021,SE,FT,Cyber Security Engineer,55000,LT,50,DK,L
2020,SE,FT,Information Security Engineer,106000,US,0,US,L
2020,EX,FT,Information Security Officer,202000,US,0,US,L
2020,EN,FT,Cyber Threat Intelligence Analyst,71000,US,0,US,L
2021,MI,FT,Information Security Manager,114000,US,50,US,L
2021,EN,FT,Cyber Security Analyst,81000,US,50,US,L
2021,EX,FT,Security Officer 3,148000,US,100,US,M
2021,MI,FT,Cyber Threat Analyst,79509,US,50,US,L
2021,EN,FT,Cyber Security Analyst,110000,JP,0,JP,L
2021,MI,FT,Security Analyst,20000,IN,100,US,L
2021,EN,FT,Cyber Security Analyst,77000,US,100,US,L
2021,MI,FT,Cloud Security Engineer,130000,CH,50,CH,L
2020,SE,FT,Security Engineer,142000,US,100,US,L
2021,SE,FT,Security Engineering Manager,174000,US,50,US,L
2021,MI,FT,Cyber Threat Intelligence Analyst,100000,US,0,US,L
2020,MI,FT,IT Security Engineer,130000,US,50,US,L
2021,SE,FT,Cyber Threat Intelligence Analyst,134000,US,100,US,L
2020,SE,FT,Information Security Architect,170000,US,100,US,L
2021,MI,FT,Information Security Engineer,120000,US,100,US,L
2021,MI,FT,Cyber Security Analyst,90000,US,50,US,L
2021,MI,FT,Penetration Testing Engineer,150000,US,100,US,L
2020,MI,FT,Information Security Specialist,80000,US,100,US,L
2021,EN,FT,Cyber Security Analyst,65000,DE,100,US,L
2021,MI,FT,Infrastructure Security Engineer,85000,US,0,US,L
2021,SE,FT,Lead Security Engineer,135000,US,0,US,L
2020,MI,FT,Cloud Security Architect,100000,BG,0,BR,M
2021,SE,CT,Cyber Security Architect,72000,US,100,US,M
2021,SE,FT,Cyber Security Architect,127000,US,100,US,L
2021,SE,FT,Digital Forensics Analyst,140000,US,50,US,L
2020,SE,FT,Digital Forensics Analyst,125000,US,100,US,L
2020,SE,PT,Cyber Security Researcher,55000,US,100,US,L
2021,SE,FT,Information Security Manager,90000,US,0,US,S
2021,SE,FT,Ethical Hacker,150000,US,100,US,L
2020,SE,FT,Vulnerability Analyst,80000,RU,0,RU,S
2021,MI,FT,Information Security Analyst,82700,US,100,US,L
2021,MI,FT,Cyber Security Analyst,106000,US,100,US,L
2020,SE,FT,Information Security Engineer,120000,US,100,US,M
2021,SE,FT,Cyber Security Architect,200000,US,100,US,L
2020,SE,FT,Security Engineer,170000,US,50,US,L
2021,SE,FT,Information Security Engineer,107000,US,0,US,L
2020,SE,FT,Information Security Officer,159000,US,50,US,L
2020,MI,FT,Cyber Security Specialist,73000,US,0,US,L
2020,SE,FT,Cyber Security Specialist,146000,US,100,US,L
2021,EN,FT,Incident Response Analyst,77600,US,100,US,L
2021,EN,FL,Cyber Security Researcher,75000,US,0,US,S
2020,SE,FT,Software Security Engineer,180000,US,100,US,S
2021,EN,FT,Cyber Security Analyst,63000,US,50,US,L
2021,MI,FT,Penetration Tester,100000,US,100,US,M
2021,SE,FT,Cyber Security Architect,35000,TR,50,TR,S
2020,SE,FT,Application Security Engineer,108000,US,100,US,L
2020,MI,FT,Vulnerability Management Engineer,130000,US,50,US,L
2020,SE,FT,Information Security Specialist,170000,US,100,US,L
2021,SE,FT,Cyber Security Engineer,132000,US,100,US,L
2021,EN,FT,Cyber Security Engineer,10200,DZ,0,DZ,L
2020,MI,FT,Cyber Security Engineer,150000,US,0,US,L
2021,SE,FT,Cyber Security Architect,280000,AU,100,AU,L
2021,SE,FT,Staff Security Engineer,450000,US,100,US,L
2020,EN,FT,Information Security Analyst,60000,US,100,US,L
2021,MI,FT,Cyber Security Analyst,110000,US,100,US,L
2021,SE,FT,Cyber Security Specialist,40000,IN,0,IN,L
2021,EN,FT,Cyber Security Analyst,80000,US,50,US,L
2020,SE,FT,Cyber Threat Analyst,140000,US,100,US,L
2021,MI,FT,Information Security Analyst,30000,US,0,US,M
2020,MI,FT,Security Analyst,115000,US,100,US,M
2021,MI,FT,Cyber Security Engineer,140000,US,100,US,M
2021,SE,FT,Cyber Threat Intelligence Analyst,200000,US,100,US,M
2021,SE,FT,Cyber Security Analyst,140000,US,100,US,L
2021,SE,FT,Cyber Security Architect,140000,US,100,US,L
2020,EN,FT,SOC Analyst,60000,US,100,US,L
2021,SE,FT,Cloud Security Engineer,140000,US,0,US,L
2020,MI,FT,Security Engineer,90000,CH,50,CH,S
2020,MI,FT,Cyber Security Analyst,100000,US,0,US,L
2020,MI,FT,Application Security Engineer,8223,IN,100,US,L
2020,SE,FT,Security Engineer,300000,US,50,US,L
2021,EN,FT,Cyber Security Analyst,80100,US,100,US,L
2021,SE,FT,Cyber Security Researcher,175000,US,0,US,S
2021,SE,FT,Cloud Security Engineer,82000,US,100,US,L
2020,SE,FT,Cyber Security Engineer,132000,US,100,US,L
2020,SE,FT,IT Security Engineer,105000,US,50,US,L
2021,SE,FT,Security Engineer,106000,US,100,US,L
2021,SE,FT,Information Security Analyst,115000,US,50,US,L
2021,SE,FT,Penetration Tester,143000,US,100,US,L
2021,EX,FT,Chief Information Security Officer,289000,US,100,US,L
2021,MI,FT,Penetration Tester,115000,US,100,US,L
2020,SE,FT,Information Security Manager,252000,US,100,US,M
2020,SE,FT,Incident Response Analyst,135000,US,50,US,L
2021,SE,FT,Penetration Tester,190000,US,100,US,M
2021,EN,FT,Security Analyst,48000,US,100,US,L
2021,MI,FT,Security Engineering Manager,140000,US,50,US,L
2020,SE,FT,Cyber Security Architect,203000,US,50,US,L
2021,MI,FT,Product Security Engineer,140400,US,50,US,L
2021,MI,FT,Penetration Tester,110000,US,100,US,L
2021,SE,FT,Security Engineer,172000,US,100,US,L
2021,EN,FT,Cyber Security Engineer,88500,US,50,US,L
2020,EN,FT,Cyber Security Engineer,76960,US,50,US,L
2020,SE,FT,Information Security Engineer,145000,US,100,US,L
2020,MI,FT,Cyber Security Specialist,109000,US,0,US,L
2021,EN,FT,Cyber Security Analyst,85000,US,50,IL,M
2021,SE,FT,Application Security Engineer,75000,PT,50,PT,M
2020,SE,FT,Information Security Manager,140000,US,0,US,L
2020,EX,FT,Information Security Manager,169781,US,100,US,L
2021,SE,FT,Cyber Threat Intelligence Analyst,110000,US,100,US,L
2021,MI,FT,Cyber Security Engineer,85000,US,100,US,L
2020,SE,FT,Cyber Threat Intelligence Analyst,108000,US,100,US,L
2021,EN,FT,Cyber Security Researcher,125000,US,50,US,L
2021,SE,FT,Penetration Tester,133000,US,100,US,L
2020,MI,FT,Cyber Security Engineer,126000,US,50,US,L
2020,SE,FT,Security Incident Response Engineer,260000,US,100,US,L
2021,MI,FT,Threat Intelligence Analyst,105000,US,0,US,S
2021,SE,FT,Cyber Security Engineer,133900,US,100,US,L
2021,MI,FT,Information Security Analyst,75000,US,0,US,L
2021,MI,FT,IT Security Engineer,89000,US,0,US,M
2021,EX,FT,Chief Information Security Officer,400000,US,100,US,L
2021,SE,FT,Cloud Security Architect,205000,US,100,US,L
2020,SE,FT,Information Security Architect,198000,US,100,US,L
2021,MI,FT,Information Security Officer,86000,US,0,US,L
2020,EN,FT,Cyber Security Analyst,65000,US,100,US,S
2020,SE,FT,Security Engineer,149000,US,50,US,L
2020,SE,FT,Cyber Security Engineer,140000,US,50,US,L
2021,MI,FT,Cyber Threat Intelligence Analyst,116000,US,50,US,L
2021,SE,FT,Detection Engineer,81000,PL,100,PL,L
2020,MI,FT,Security Analyst,115000,US,100,US,L
2021,MI,FT,Information Security Engineer,128000,US,100,US,L
2020,MI,FT,Information Security Officer,122750,US,100,US,M
2020,MI,FT,DevOps Security Engineer,144000,US,0,US,M
2020,EN,FT,Application Security Engineer,100000,AF,0,AF,S
2020,MI,FT,Application Security Engineer,110000,US,50,US,L
2020,SE,FT,Chief Information Security Officer,35000,AR,100,AR,L
2021,EN,FT,Application Security Engineer,65000,US,100,US,L
2020,SE,FT,Information Security Specialist,170000,US,100,US,L
2021,SE,FT,Application Security Engineer,135000,US,100,US,L
2021,EN,FT,Cyber Security Analyst,100000,US,50,US,M
2021,SE,FT,Penetration Testing Engineer,126000,US,100,US,L
2021,MI,FT,Threat Intelligence Analyst,66310,US,0,US,L
